variable,count,mean,std,min,25%,50%,75%,max,original
dummy1,1000.0,-0.00021981950876522602,0.00988903773639166,-0.0286409316166498,-0.00668823225135925,-2.0816712375193447e-05,0.00632014620058535,0.0319394358227071,-0.0128037164596364
dummy2,1000.0,-0.00010374370644946249,0.010848351462029485,-0.0321834604113675,-0.0073171683051871245,3.481623014778279e-05,0.008000728950412175,0.0275072570378078,-0.014957126006319
x1,1000.0,0.19120255656697485,3.169719786438899,-11.427098597190946,-1.850074184665167,0.060866913479816195,2.2412137024411614,28.205611356997757,28.205611356997757
x2,1000.0,0.30736580971132194,8.036398168615598,-23.40638616976662,-5.088818695572785,0.5606899731789696,5.109433685006948,75.05091549805076,75.05091549805076
x3,1000.0,0.07179844987781002,1.931085264562467,-5.438702362747815,-1.1470346937298452,0.1473208528121894,1.2495337781807423,17.755410720082637,17.755410720082637
